Symptoms_comment,Causes_and_Disease,Medicine_recommendation
"I am dealing with Fever, Cough recently, and It's worrying me a bit.","The symptoms suggest Viral Infection, and the patient may be experiencing Common Cold.","A suitable treatment option would be Ibuprofen, Rest. Further monitoring is recommended."
"These past few days, Headache, Fatigue have been bothering me.","These signs are commonly associated with Stress, a condition that may result in Migraine.",I advise starting Sumatriptan to address the condition effectively.
"These past few days, Shortness of breath have been bothering me.","Based on the symptoms, the likely cause is Pollution, which typically leads to Asthma.","For proper recovery, the prescribed medication is Albuterol Inhaler."
"Lately, I've noticed symptoms like Nausea, Vomiting. It's been pretty uncomfortable.","These signs are commonly associated with Food Poisoning, a condition that may result in Gastroenteritis.",Recommended treatment includes Oral Rehydration. Please follow dosage instructions carefully.
"Lately, I've noticed symptoms like Sore Throat. It's been pretty uncomfortable.","These signs are commonly associated with Bacterial Infection, a condition that may result in Strep Throat.",A suitable treatment option would be Penicillin. Further monitoring is recommended.
"I am dealing with Joint Pain, Fatigue recently, and It's worrying me a bit.","Based on the symptoms, the likely cause is Rheumatoid Arthritis, which typically leads to Arthritis.",A suitable treatment option would be NSAIDs. Further monitoring is recommended.
"I've been experiencing Chest Pain, Dizziness, and it's starting to affect my daily activities.","Clinically, this pattern points toward High Blood Pressure, indicating a probable diagnosis of Hypertension.",A suitable treatment option would be Amlodipine. Further monitoring is recommended.
"I started feeling Itching, Redness, and it doesn't seem to be improving.","This presentation aligns with Allergies, often seen in cases of Allergic Reaction.",I advise starting Antihistamine to address the condition effectively.
"I started feeling Abdominal Pain, Bloating, and it doesn't seem to be improving.","These signs are commonly associated with Poor Diet, a condition that may result in Indigestion.",A suitable treatment option would be Antacids. Further monitoring is recommended.
"I am dealing with Fatigue, Sadness recently, and It's worrying me a bit.","This presentation aligns with Depression, often seen in cases of Major Depressive.",A suitable treatment option would be Sertraline. Further monitoring is recommended.
"Lately, I've noticed symptoms like Fever, Muscle Aches. It's been pretty uncomfortable.","The symptoms suggest Viral Infection, and the patient may be experiencing Influenza.",A suitable treatment option would be Acetaminophen. Further monitoring is recommended.
"I've been experiencing Cough, Sneezing, and it's starting to affect my daily activities.","The symptoms suggest Cold Weather, and the patient may be experiencing Common Cold.","I advise starting Honey, Rest to address the condition effectively."
"I am dealing with Nausea, Dizziness recently, and It's worrying me a bit.","These signs are commonly associated with Motion Sickness, a condition that may result in Motion Sickness.",The patient should take Dimenhydrinate as part of the management plan.
"Lately, I've noticed symptoms like Shortness of breath. It's been pretty uncomfortable.","Clinically, this pattern points toward Smoking, indicating a probable diagnosis of Chronic Bronchitis.",A suitable treatment option would be Inhalers. Further monitoring is recommended.
"These past few days, Headache, Blurred Vision have been bothering me.","Clinically, this pattern points toward Migraine Triggers, indicating a probable diagnosis of Migraine.",The patient should take Beta-blockers as part of the management plan.
"Lately, I've noticed symptoms like Stomach Pain, Diarrhea. It's been pretty uncomfortable.","This presentation aligns with Spicy Food, often seen in cases of Gastritis.","The patient should take Antacids, Rest as part of the management plan."
"Lately, I've noticed symptoms like Joint Pain, Swelling. It's been pretty uncomfortable.","Clinically, this pattern points toward Autoimmune Response, indicating a probable diagnosis of Rheumatoid Arthritis.",The patient should take NSAIDs as part of the management plan.
"These past few days, Fever, Sore Throat have been bothering me.","Clinically, this pattern points toward Viral Infection, indicating a probable diagnosis of Tonsillitis.","A suitable treatment option would be Fluids, Rest. Further monitoring is recommended."
"I've been experiencing Back Pain, Numbness, and it's starting to affect my daily activities.","Clinically, this pattern points toward Herniated Disc, indicating a probable diagnosis of Sciatica.",Recommended treatment includes Pain Relievers. Please follow dosage instructions carefully.
"I've been experiencing Nausea, Vomiting, and it's starting to affect my daily activities.","This presentation aligns with Pregnancy, often seen in cases of Morning Sickness.","Recommended treatment includes Ginger, Vitamin B6. Please follow dosage instructions carefully."
"Lately, I've noticed symptoms like Fatigue, Weakness. It's been pretty uncomfortable.","This presentation aligns with Anemia, often seen in cases of Iron Deficiency.",I advise starting Iron Supplements to address the condition effectively.
"I've been experiencing Anxiety, Rapid Heartbeat, and it's starting to affect my daily activities.","These signs are commonly associated with Stress, a condition that may result in Panic Disorder.",Recommended treatment includes Cognitive Therapy. Please follow dosage instructions carefully.
"Lately, I've noticed symptoms like Shortness of breath. It's been pretty uncomfortable.","This presentation aligns with Obesity, often seen in cases of Sleep Apnea.","For proper recovery, the prescribed medication is CPAP Machine."
"Lately, I've noticed symptoms like Skin Rash, Itching. It's been pretty uncomfortable.","Clinically, this pattern points toward Allergies, indicating a probable diagnosis of Dermatitis.",I advise starting Topical Steroids to address the condition effectively.
"These past few days, Cough, Fever have been bothering me.","This presentation aligns with Viral Infection, often seen in cases of Respiratory infection.","For proper recovery, the prescribed medication is Antivirals, Rest."
"These past few days, Joint Pain, Fatigue have been bothering me.","Clinically, this pattern points toward Osteoarthritis, indicating a probable diagnosis of Arthritis.",I advise starting Pain Relievers to address the condition effectively.
"I started feeling Dizziness, Fatigue, and it doesn't seem to be improving.","The symptoms suggest Dehydration, and the patient may be experiencing Heat Exhaustion.","For proper recovery, the prescribed medication is Hydration, Rest."
"Lately, I've noticed symptoms like Headache, Sensitivity. It's been pretty uncomfortable.","These signs are commonly associated with Tension, a condition that may result in Tension Headache.","Recommended treatment includes Relaxation, NSAIDs. Please follow dosage instructions carefully."
"These past few days, Abdominal Pain, Bloating O have been bothering me.","These signs are commonly associated with vereating            , a condition that may result in Indigestion.","For proper recovery, the prescribed medication is Antacids."
"I started feeling Nausea, Cramps, and it doesn't seem to be improving.","Based on the symptoms, the likely cause is Menstrual Cycle, which typically leads to Menstrual Cramps.",I advise starting Pain Relievers to address the condition effectively.
"Lately, I've noticed symptoms like Chest Pain, Shortness of breath. It's been pretty uncomfortable.","The symptoms suggest Heart Disease, and the patient may be experiencing Coronary ArteryDisease.",Recommended treatment includes Nitroglycerin. Please follow dosage instructions carefully.
"I've been experiencing Fatigue, Difficulty breathing, and it's starting to affect my daily activities.","This presentation aligns with Hypothyroidism, often seen in cases of Thyroid Disorder.",Recommended treatment includes Levothyroxine. Please follow dosage instructions carefully.
"I started feeling Fever, Chills, and it doesn't seem to be improving.","The symptoms suggest Infection, and the patient may be experiencing Pneumonia.","I advise starting Antibiotics, Rest to address the condition effectively."
"I've been experiencing Cough, Shortness of breath, and it's starting to affect my daily activities.","Clinically, this pattern points toward COVID-19 Exposure, indicating a probable diagnosis of COVID-19.","For proper recovery, the prescribed medication is Isolation, Fluids."
"I started feeling Itching, Redness, and it doesn't seem to be improving.","These signs are commonly associated with Allergies, a condition that may result in Allergic Reaction.",The patient should take Antihistamine as part of the management plan.
"I've been experiencing Muscle Pain, Fatigue, and it's starting to affect my daily activities.","Based on the symptoms, the likely cause is Overexertion, which typically leads to Muscle Strain.","The patient should take Rest, Pain Relievers as part of the management plan."
"I started feeling Nausea, Vomiting, and it doesn't seem to be improving.","The symptoms suggest Food Poisoning, and the patient may be experiencing Gastroenteritis.",Recommended treatment includes Oral Rehydration. Please follow dosage instructions carefully.
"I've been experiencing Headache, Blurred Vision, and it's starting to affect my daily activities.","The symptoms suggest Eye Strain, and the patient may be experiencing Vision Fatigue.","The patient should take Rest, Eye Exercises as part of the management plan."
"I started feeling Stomach Pain, Diarrhea, and it doesn't seem to be improving.","These signs are commonly associated with Food Poisoning, a condition that may result in Gastroenteritis.","I advise starting Fluids, Bland Diet to address the condition effectively."
"I've been experiencing Back Pain, Numbness, and it's starting to affect my daily activities.","The symptoms suggest Sciatica, and the patient may be experiencing Herniated Disc.","For proper recovery, the prescribed medication is Pain Relievers, PT."
"Lately, I've noticed symptoms like Fever, Sore Throat. It's been pretty uncomfortable.","Based on the symptoms, the likely cause is Viral Infection, which typically leads to Tonsillitis.","For proper recovery, the prescribed medication is Fluids, Rest."
"I started feeling Fatigue, Weakness, and it doesn't seem to be improving.","The symptoms suggest Chronic Fatigue Syndrome, and the patient may be experiencing Chronic Fatigue Syndrome.","I advise starting Rest, Lifestyle to address the condition effectively."
"I've been experiencing Anxiety, Palpitations, and it's starting to affect my daily activities.","Based on the symptoms, the likely cause is Stress, which typically leads to Anxiety Disorder.","A suitable treatment option would be Therapy, Medication. Further monitoring is recommended."
"I started feeling Chest Pain, Shortness of breath, and it doesn't seem to be improving.","Clinically, this pattern points toward Physical Exertion, indicating a probable diagnosis of Muscle Overuse.","I advise starting Rest, Stretching to address the condition effectively."
"These past few days, Joint Pain, Swelling have been bothering me.","The symptoms suggest Rheumatoid Arthritis, and the patient may be experiencing Arthritis.",Recommended treatment includes NSAIDs. Please follow dosage instructions carefully.
"I started feeling Nausea, Dizziness, and it doesn't seem to be improving.","These signs are commonly associated with Motion Sickness, a condition that may result in Motion Sickness.",Recommended treatment includes Dimenhydrinate. Please follow dosage instructions carefully.
"I started feeling Joint Pain, Fatigue, and it doesn't seem to be improving.","Clinically, this pattern points toward Rheumatoid Arthriti, indicating a probable diagnosis of s  Arthritis.",I advise starting NSAIDs to address the condition effectively.
"These past few days, Fatigue, Sadness have been bothering me.","The symptoms suggest Depression, and the patient may be experiencing Major Depressive Disorder.",I advise starting  Sertraline to address the condition effectively.
"I've been experiencing Fatigue, Weakness, and it's starting to affect my daily activities.","Clinically, this pattern points toward Chronic Fatigue Syndrome, indicating a probable diagnosis of Chronic Fatigue Syndrome.","The patient should take Rest, Lifestyle as part of the management plan."
"Lately, I've noticed symptoms like Fever, Chills. It's been pretty uncomfortable.","Based on the symptoms, the likely cause is Infection, which typically leads to Pneumonia.","The patient should take Antibiotics, Rest as part of the management plan."
"These past few days, Cough, Shortness of breat have been bothering me.","Clinically, this pattern points toward h  COVID-19 Exposure, indicating a probable diagnosis of COVID-19.","The patient should take Isolation, Fluids as part of the management plan."
"I started feeling Itching, Redness, and it doesn't seem to be improving.","Based on the symptoms, the likely cause is Allergies, which typically leads to Allergic Reacti.","For proper recovery, the prescribed medication is on   Antihistamine."
"I am dealing with Anxiety, Palpitations recently, and It's worrying me a bit.","Based on the symptoms, the likely cause is Stress, which typically leads to Anxiety Disorder.","The patient should take  Therapy, Medication as part of the management plan."
"I've been experiencing Joint Pain, Swelling, and it's starting to affect my daily activities.","Based on the symptoms, the likely cause is Rheumatoid Arthritis, which typically leads to  Arthritis.",Recommended treatment includes NSAIDs. Please follow dosage instructions carefully.
"I am dealing with Abdominal Pain, Bloating recently, and It's worrying me a bit.","These signs are commonly associated with Overeating, a condition that may result in Indigestion.","For proper recovery, the prescribed medication is Antacids."
"I started feeling Fatigue, Weakness, and it doesn't seem to be improving.","Based on the symptoms, the likely cause is Anemia, which typically leads to Iron Deficiency.",Recommended treatment includes Iron Supplements. Please follow dosage instructions carefully.
"I started feeling  Anxiety, Rapid Heartbeat, and it doesn't seem to be improving.","The symptoms suggest Stress, and the patient may be experiencing Panic Disorder.","For proper recovery, the prescribed medication is Cognitive Therapy."
"Lately, I've noticed symptoms like Shortness of breath. It's been pretty uncomfortable.","The symptoms suggest Obesity, and the patient may be experiencing Sleep Apnea.",I advise starting CPAP Machine to address the condition effectively.
"I am dealing with  Skin Rash, Itching recently, and It's worrying me a bit.","The symptoms suggest Allergies, and the patient may be experiencing Dermatitis.",I advise starting Topical Steroids to address the condition effectively.
"Lately, I've noticed symptoms like Cough, Fever. It's been pretty uncomfortable.","Based on the symptoms, the likely cause is Viral Infection, which typically leads to RespiratoryInfection.","A suitable treatment option would be Antivirals, Rest. Further monitoring is recommended."
"I started feeling Joint Pain, Fatigue, and it doesn't seem to be improving.","Clinically, this pattern points toward Osteoarthritis, indicating a probable diagnosis of Arthritis.",Recommended treatment includes Pain Relievers. Please follow dosage instructions carefully.
"These past few days, Dizziness, Fatigue have been bothering me.","These signs are commonly associated with Dehydration, a condition that may result in Heat Exhaustion.","Recommended treatment includes  Hydration, Rest. Please follow dosage instructions carefully."
"I am dealing with Headache, Sensitivity recently, and It's worrying me a bit.","Clinically, this pattern points toward Tension, indicating a probable diagnosis of Tension Headache.","For proper recovery, the prescribed medication is Relaxation, NSAIDs."
"These past few days, Abdominal Pain, Bloating have been bothering me.","Clinically, this pattern points toward Overeating, indicating a probable diagnosis of Indigestion.",I advise starting Antacids to address the condition effectively.
"I am dealing with Nausea, Cramps recently, and It's worrying me a bit.","Clinically, this pattern points toward Menstrual Cycle, indicating a probable diagnosis of Menstrual Cramps.",Recommended treatment includes  Pain Relievers. Please follow dosage instructions carefully.
"Lately, I've noticed symptoms like Chest Pain, Shortness of breath. It's been pretty uncomfortable.","Clinically, this pattern points toward Heart Disease, indicating a probable diagnosis of Coronary Artery.","For proper recovery, the prescribed medication is   Nitroglycerin,Aspirin."
"I started feeling Fatigue, Difficulty breathing, and it doesn't seem to be improving.","These signs are commonly associated with Hypothyroidism, a condition that may result in Thyroid Disorder.",A suitable treatment option would be   Levothyroxine. Further monitoring is recommended.
"I am dealing with Cough, Shortness of brea recently, and It's worrying me a bit.","The symptoms suggest th  COVID-19 Exposure, and the patient may be experiencing COVID-19.","The patient should take Isolation, Fluids as part of the management plan."
"Lately, I've noticed symptoms like e Itching, Redness. It's been pretty uncomfortable.","These signs are commonly associated with Allergies, a condition that may result in Allergic Reaction.",I advise starting  Antihistamine to address the condition effectively.
"I am dealing with  Nausea, Vomiting recently, and It's worrying me a bit.","This presentation aligns with Food Poisoning, often seen in cases of Gastroenteritis.",The patient should take   Oral Rehydration as part of the management plan.
"I've been experiencing Stomach Pain, Diarrhea, and it's starting to affect my daily activities.","The symptoms suggest Food Poisoning, and the patient may be experiencing Gastroenteritis.","For proper recovery, the prescribed medication is   Fluids, Bland Diet."
"I've been experiencing  Back Pain, Numbness, and it's starting to affect my daily activities.","Clinically, this pattern points toward Sciatica, indicating a probable diagnosis of Herniated Disc.","Recommended treatment includes Pain Relievers, PT. Please follow dosage instructions carefully."
"I am dealing with  Fatigue, Weakness recently, and It's worrying me a bit.","This presentation aligns with Chronic Fatigue Syndrome, often seen in cases of Chronic Fatigue Syndrome.","Recommended treatment includes   Rest, Lifestyle. Please follow dosage instructions carefully."
"These past few days,  Anxiety, Palpitations have been bothering me.","Based on the symptoms, the likely cause is Stress, which typically leads to Anxiety Disorder.","A suitable treatment option would be Therapy, Medication. Further monitoring is recommended."
"I am dealing with e Joint Pain, Swelling recently, and It's worrying me a bit.","Based on the symptoms, the likely cause is Rheumatoid Arthrit, which typically leads to is  Arthritis.",I advise starting NSAIDs to address the condition effectively.
"I am dealing with Nausea, Dizziness recently, and It's worrying me a bit.","Based on the symptoms, the likely cause is Motion Sickness, which typically leads to Motion Sickness.",Recommended treatment includes  Dimenhydrinate. Please follow dosage instructions carefully.
"These past few days, e Fatigue, Weakness have been bothering me.","This presentation aligns with Chronic Fatigue Syndrome, often seen in cases of Chronic Fatigue Syndrome.","I advise starting Rest, Lifestyle to address the condition effectively."
"I started feeling e Cough, Shortness of brea, and it doesn't seem to be improving.","This presentation aligns with th  COVID-19 Exposure, often seen in cases of COVID-19.","For proper recovery, the prescribed medication is Isolation, Fluids."
"I've been experiencing e Itching, Redness, and it's starting to affect my daily activities.","This presentation aligns with Allergies, often seen in cases of Allergic Reaction.","For proper recovery, the prescribed medication is  Antihistamine."
"I started feeling e Nausea, Vomiting, and it doesn't seem to be improving.","The symptoms suggest Food Poisoning, and the patient may be experiencing Gastroenteritis.","For proper recovery, the prescribed medication is Oral Rehydration."
"Lately, I've noticed symptoms like e Back Pain, Numbness. It's been pretty uncomfortable.","Clinically, this pattern points toward Sciatica, indicating a probable diagnosis of Herniated Disc.","The patient should take Pain Relievers, PT as part of the management plan."
"I started feeling e Fatigue, Weakness, and it doesn't seem to be improving.","The symptoms suggest Chronic Fatigue Syndrome, and the patient may be experiencing Chronic Fatigue Syndrome.","For proper recovery, the prescribed medication is Rest, Lifestyle."
"I've been experiencing e Anxiety, Palpitations, and it's starting to affect my daily activities.","Clinically, this pattern points toward Stress, indicating a probable diagnosis of Anxiety Disorder.","Recommended treatment includes Therapy, Medication. Please follow dosage instructions carefully."
"I am dealing with e Joint Pain, Swelling recently, and It's worrying me a bit.","Based on the symptoms, the likely cause is Rheumatoid Arthritis, which typically leads to  Arthritis.",Recommended treatment includes NSAIDs. Please follow dosage instructions carefully.
"I started feeling e Fatigue, Weakness, and it doesn't seem to be improving.","This presentation aligns with Chronic Fatigue Syndrome, often seen in cases of Chronic Fatigue Syndrome.","I advise starting  Rest, Lifestyle to address the condition effectively."
"I started feeling Sore Throat, Cough, and it doesn't seem to be improving.","These signs are commonly associated with Bacterial Infection, a condition that may result in Strep Throat.",Recommended treatment includes Penicillin. Please follow dosage instructions carefully.
"Lately, I've noticed symptoms like Fatigue, Weakness. It's been pretty uncomfortable.","Clinically, this pattern points toward Anemia, indicating a probable diagnosis of Iron Deficiency.","For proper recovery, the prescribed medication is Iron Supplements."
"I started feeling Anxiety, Rapid Heartbeat, and it doesn't seem to be improving.","Clinically, this pattern points toward Stress, indicating a probable diagnosis of Panic Disorder.","For proper recovery, the prescribed medication is Cognitive Therapy."
"Lately, I've noticed symptoms like Shortness of breath. It's been pretty uncomfortable.","These signs are commonly associated with Obesity, a condition that may result in Sleep Apnea.",Recommended treatment includes CPAP Machine. Please follow dosage instructions carefully.
"I started feeling Skin Rash, Itching, and it doesn't seem to be improving.","The symptoms suggest Allergies, and the patient may be experiencing Dermatitis.","For proper recovery, the prescribed medication is Topical Steroids."
"These past few days, Cough, Fever have been bothering me.","These signs are commonly associated with Viral Infection, a condition that may result in Respiratory Infection.","Recommended treatment includes Antivirals, Rest. Please follow dosage instructions carefully."
"I've been experiencing Joint Pain, Fatigue, and it's starting to affect my daily activities.","This presentation aligns with Rheumatoid Arthritis, often seen in cases of Arthritis.","For proper recovery, the prescribed medication is NSAIDs."
"I've been experiencing Dizziness, Fatigue, and it's starting to affect my daily activities.","Based on the symptoms, the likely cause is Dehydration, which typically leads to Heat Exhaustion.","Recommended treatment includes Hydration, Rest. Please follow dosage instructions carefully."
"Lately, I've noticed symptoms like Headache, Sensitivity. It's been pretty uncomfortable.","Clinically, this pattern points toward Tension, indicating a probable diagnosis of Tension Headache.","A suitable treatment option would be Relaxation, NSAIDs. Further monitoring is recommended."
"I've been experiencing Abdominal Pain, Bloating, and it's starting to affect my daily activities.","Based on the symptoms, the likely cause is Overeating, which typically leads to Indigestion.",The patient should take Antacids as part of the management plan.
"Lately, I've noticed symptoms like Nausea, Cramps. It's been pretty uncomfortable.","These signs are commonly associated with Menstrual Cycle, a condition that may result in Menstrual Cramps.",A suitable treatment option would be Pain Relievers. Further monitoring is recommended.
"These past few days, Chest Pain, Shortness of breath have been bothering me.","The symptoms suggest Heart Disease, and the patient may be experiencing Coronary Artery Disease.","I advise starting Nitroglycerin,Aspirin to address the condition effectively."
"Lately, I've noticed symptoms like Fatigue, Difficulty breathing. It's been pretty uncomfortable.","The symptoms suggest Hypothyroidism, and the patient may be experiencing Thyroid Disorder.",The patient should take Levothyroxine as part of the management plan.
"I've been experiencing Fever, Chills, and it's starting to affect my daily activities.","These signs are commonly associated with Infection, a condition that may result in Pneumonia.","A suitable treatment option would be Antibiotics, Rest. Further monitoring is recommended."
"These past few days, Cough, Shortness of breath have been bothering me.","This presentation aligns with  COVID-19 Exposure, often seen in cases of COVID-19.","The patient should take Isolation, Fluids as part of the management plan."
"I am dealing with Itching, Redness recently, and It's worrying me a bit.","This presentation aligns with Allergies, often seen in cases of Allergic Reaction.",I advise starting Antihistamine to address the condition effectively.
"These past few days, Muscle Pain, Fatigue have been bothering me.","Clinically, this pattern points toward Overexertion, indicating a probable diagnosis of Muscle Strain.","The patient should take Rest, Pain Relievers as part of the management plan."
"I am dealing with Nausea, Vomiting recently, and It's worrying me a bit.","Based on the symptoms, the likely cause is Food Poisoning, which typically leads to Gastroenteritis.",The patient should take Oral Rehydration as part of the management plan.
"I started feeling Headache, Blurred Vision, and it doesn't seem to be improving.","Clinically, this pattern points toward Eye Strain, indicating a probable diagnosis of Vision Fatigue.","A suitable treatment option would be Rest, Eye Exercises. Further monitoring is recommended."
"Lately, I've noticed symptoms like Stomach Pain, Diarrhea. It's been pretty uncomfortable.","This presentation aligns with Food Poisoning, often seen in cases of Gastroenteritis.","I advise starting Fluids, Bland Diet to address the condition effectively."
"These past few days, Back Pain, Numbness have been bothering me.","These signs are commonly associated with Sciatica, a condition that may result in Herniated Disc.","Recommended treatment includes Pain Relievers, PT. Please follow dosage instructions carefully."
"These past few days, Fever, Sore Throat have been bothering me.","The symptoms suggest Viral Infection, and the patient may be experiencing Tonsillitis.","A suitable treatment option would be Fluids, Rest. Further monitoring is recommended."
"I started feeling Fatigue, Weakness, and it doesn't seem to be improving.","Based on the symptoms, the likely cause is Chronic Fatigue Syndrome, which typically leads to Chronic Fatigue Syndrome.","The patient should take Rest, Lifestyle as part of the management plan."
"I've been experiencing Anxiety, Palpitations, and it's starting to affect my daily activities.","Clinically, this pattern points toward Stress, indicating a probable diagnosis of Anxiety Disorder.","For proper recovery, the prescribed medication is Therapy, Medication."
"These past few days, Chest Pain, Shortness of breath have been bothering me.","Clinically, this pattern points toward Physical Exertion, indicating a probable diagnosis of Muscle Overuse.","Recommended treatment includes Rest, Stretching. Please follow dosage instructions carefully."
"These past few days, Joint Pain, Swelling have been bothering me.","The symptoms suggest Rheumatoid Arthritis, and the patient may be experiencing Arthritis.",The patient should take NSAIDs as part of the management plan.
"I am dealing with Nausea, Dizziness recently, and It's worrying me a bit.","Based on the symptoms, the likely cause is Motion Sickness, which typically leads to Motion Sickness.",I advise starting Dimenhydrinate to address the condition effectively.
"These past few days, Fatigue, Weakness have been bothering me.","This presentation aligns with Chronic Fatigue Syndrome, often seen in cases of Chronic Fatigue Syndrome.","The patient should take Rest, Lifestyle as part of the management plan."
"I am dealing with Fever, Chills recently, and It's worrying me a bit.","This presentation aligns with Infection, often seen in cases of Pneumonia.","The patient should take Antibiotics, Rest as part of the management plan."
"These past few days, Cough, Shortness of breath have been bothering me.","Based on the symptoms, the likely cause is COVID-19 Exposure, which typically leads to COVID-19.","Recommended treatment includes Isolation, Fluids. Please follow dosage instructions carefully."
"These past few days, Itching, Redness have been bothering me.","These signs are commonly associated with Allergies, a condition that may result in Allergic Reaction.","For proper recovery, the prescribed medication is Antihistamine."
"I've been experiencing Muscle Pain, Fatigue, and it's starting to affect my daily activities.","The symptoms suggest Overexertion, and the patient may be experiencing Muscle Strain.","The patient should take Rest, Pain Relievers as part of the management plan."
"I started feeling Nausea, Vomiting, and it doesn't seem to be improving.","Based on the symptoms, the likely cause is Food Poisoning, which typically leads to Gastroenteritis.",Recommended treatment includes Oral Rehydration. Please follow dosage instructions carefully.
"I started feeling Headache, Blurred Vision, and it doesn't seem to be improving.","Clinically, this pattern points toward Eye Strain, indicating a probable diagnosis of Vision Fatigue.","A suitable treatment option would be Rest, Eye Exercises. Further monitoring is recommended."
"Lately, I've noticed symptoms like Stomach Pain, Diarrhea. It's been pretty uncomfortable.","These signs are commonly associated with Food Poisoning, a condition that may result in Gastroenteritis.","For proper recovery, the prescribed medication is Fluids, Bland Diet."
"I've been experiencing Back Pain, Numbness, and it's starting to affect my daily activities.","This presentation aligns with Sciatica, often seen in cases of Herniated Disc.","For proper recovery, the prescribed medication is Pain Relievers, PT."
"These past few days, Fever, Sore Throat have been bothering me.","The symptoms suggest Viral Infection, and the patient may be experiencing Tonsillitis.","A suitable treatment option would be Fluids, Rest. Further monitoring is recommended."
"I've been experiencing Fatigue, Weakness, and it's starting to affect my daily activities.","These signs are commonly associated with Chronic Fatigue Syndrome, a condition that may result in Chronic Fatigue Syndrome.","Recommended treatment includes Rest, Lifestyle. Please follow dosage instructions carefully."
"I started feeling Anxiety, Palpitations, and it doesn't seem to be improving.","This presentation aligns with Stress, often seen in cases of Anxiety Disorder.","A suitable treatment option would be Therapy, Medication. Further monitoring is recommended."
"These past few days, Chest Pain, Shortness of breath have been bothering me.","This presentation aligns with Physical Exertion, often seen in cases of Muscle Overuse.","I advise starting Rest, Stretching to address the condition effectively."
"I've been experiencing Joint Pain, Swelling, and it's starting to affect my daily activities.","This presentation aligns with Rheumatoid Arthritis, often seen in cases of Arthritis.","For proper recovery, the prescribed medication is NSAIDs."
"I've been experiencing Nausea, Dizziness, and it's starting to affect my daily activities.","Clinically, this pattern points toward Motion Sickness, indicating a probable diagnosis of Motion Sickness.",A suitable treatment option would be Dimenhydrinate. Further monitoring is recommended.
"I've been experiencing Fatigue, Weakness, and it's starting to affect my daily activities.","Clinically, this pattern points toward Chronic Fatigue Syndrome, indicating a probable diagnosis of Chronic Fatigue Syndrome.","A suitable treatment option would be Rest, Lifestyle. Further monitoring is recommended."
"I started feeling Fever, Chills, and it doesn't seem to be improving.","Clinically, this pattern points toward Infection, indicating a probable diagnosis of Pneumonia.","For proper recovery, the prescribed medication is Antibiotics, Rest."
"I am dealing with Cough, Shortness of breat recently, and It's worrying me a bit.","Based on the symptoms, the likely cause is h COVID-19 Exposure, which typically leads to COVID-19.","For proper recovery, the prescribed medication is Isolation, Fluids."
"These past few days, Fatigue, Weakness have been bothering me.","These signs are commonly associated with Chronic FatigueSyndrome, a condition that may result in Chronic Fatigue Syndrome.","For proper recovery, the prescribed medication is Rest, Lifestyle."
"These past few days, Sore Throat, Cough have been bothering me.","Based on the symptoms, the likely cause is Bacterial Infection , which typically leads to Strep Throat     .",A suitable treatment option would be Penicillin. Further monitoring is recommended.
"I am dealing with Fatigue, Weakness recently, and It's worrying me a bit.","This presentation aligns with Anemia              , often seen in cases of Iron Deficiency .","For proper recovery, the prescribed medication is Iron Supplements."
"I started feeling Anxiety, Rapid Heartbeat, and it doesn't seem to be improving.","The symptoms suggest Stress              , and the patient may be experiencing Panic Disorder  .",I advise starting Cognitive Therapy to address the condition effectively.
"I started feeling Shortness of breath, and it doesn't seem to be improving.","Clinically, this pattern points toward Obesity             , indicating a probable diagnosis of Sleep Apnea     .",The patient should take CPAP Machine as part of the management plan.
"These past few days, Skin Rash, Itching have been bothering me.","The symptoms suggest Allergies           , and the patient may be experiencing Dermatitis      .",The patient should take Topical Steroids as part of the management plan.
"These past few days, Cough, Fever have been bothering me.","This presentation aligns with Viral Infection     , often seen in cases of Respiratory     AntiInfection.","Recommended treatment includes virals, Rest. Please follow dosage instructions carefully."
"I started feeling Joint Pain, Fatigue, and it doesn't seem to be improving.","Clinically, this pattern points toward Rheumatoid Arthritis , indicating a probable diagnosis of Arthritis     .",The patient should take   NSAIDs as part of the management plan.
"I am dealing with Dizziness, Fatigue recently, and It's worrying me a bit.","Clinically, this pattern points toward Dehydration         , indicating a probable diagnosis of Heat Exhaustion Hydr.","The patient should take ation, Rest as part of the management plan."
"Lately, I've noticed symptoms like Headache, Sensitivity. It's been pretty uncomfortable.","These signs are commonly associated with Tension             , a condition that may result in Tension Headache Rel.","For proper recovery, the prescribed medication is axation, NSAIDs."
"These past few days, Abdominal Pain, Bloating have been bothering me.","Based on the symptoms, the likely cause is Overeating          , which typically leads to Indigestion     Anta.","For proper recovery, the prescribed medication is cids."
"These past few days, Nausea, Cramps have been bothering me.","This presentation aligns with Menstrual Cycle    , often seen in cases of Menstrual Cramps Pai.",A suitable treatment option would be n Relievers. Further monitoring is recommended.
"I am dealing with Chest Pain, Shortnessof breath recently, and It's worrying me a bit.","These signs are commonly associated with Heart Disease       , a condition that may result in Coronary Artery Disease   .","A suitable treatment option would be Nitroglycerin,Aspirin. Further monitoring is recommended."
"I am dealing with Fatigue, Difficulty breathing recently, and It's worrying me a bit.","Based on the symptoms, the likely cause is Hypothyroidism      , which typically leads to Disease         .",The patient should take  Levothyroxine as part of the management plan.
"I started feeling Fever, Chills, and it doesn't seem to be improving.","Clinically, this pattern points toward Infection           , indicating a probable diagnosis of Pheumonia      .","A suitable treatment option would be  Antibiotics, Rest. Further monitoring is recommended."
"I started feeling Cough, Shortness of breath, and it doesn't seem to be improving.","This presentation aligns with COVID-19 Exposure   , often seen in cases of COVID-19      .","I advise starting   Isolation, Fluids to address the condition effectively."
"I've been experiencing Itching, Redness, and it's starting to affect my daily activities.","This presentation aligns with Allergies           , often seen in cases of Allergic Reaction An.",A suitable treatment option would be tihistamine. Further monitoring is recommended.
"I started feeling Muscle Pain, Fatigue, and it doesn't seem to be improving.","Clinically, this pattern points toward Overexertion        , indicating a probable diagnosis of Muscle Strain  .","A suitable treatment option would be  Rest, Pain Relievers. Further monitoring is recommended."
"Lately, I've noticed symptoms like Nausea, Vomiting. It's been pretty uncomfortable.","Clinically, this pattern points toward Food Poisoning  , indicating a probable diagnosis of Muscle Strain  .",I advise starting Rehydration to address the condition effectively.
"I am dealing with Headache, Blurred Vision recently, and It's worrying me a bit.","These signs are commonly associated with Eye Strain          , a condition that may result in Muscle Strain  .",A suitable treatment option would be Eye Exercises. Further monitoring is recommended.
